estimates,SE,P.value,type,ASV
0.000398507179664276,0.000400702610018655,0.334,B,asv_000001
6.96829807778017e-05,5.58892020946305e-05,0.1,G,asv_000001
0.000108141688741609,0.000280382273893757,0.856,B,asv_000009
-2.88634954327022e-05,4.59995814374653e-05,0.352,G,asv_000009
