estimates,SE,P.value,type,ASV,treatment
-2.6279127174421e-05,1.94200778233622e-05,0.044,G,asv_001232,HN
-5.80740395224419e-05,3.63560837925624e-05,0.028,G,asv_000906,LN
-2.00379236169802e-05,1.36551671231839e-05,0.04,G,asv_001416,LN
8.51615866243999e-06,1.22925339565394e-05,0.03,G,asv_001667,LN
